first_name,last_name,gender,country,phone,money
Gypsy,Jendrach,F,Russia,290-16-1593,£40114.21
Idalina,Bocken,F,Indonesia,809-59-8603,£93948.08
Lindy,McCombe,F,Sweden,546-23-8878,£93783.14
Gib,Birtchnell,M,Portugal,805-09-3861,£87300.40
Dosi,Pooke,F,China,506-72-9715,£40208.26
Francklin,Loomes,M,Armenia,111-32-9382,£66220.81
Judie,Kiddye,F,China,710-30-2583,£2825.42
Kris,Chappel,F,Indonesia,548-08-4633,£53530.10
Lynnet,Boomes,F,Sri Lanka,753-82-5650,£89186.13
Shelba,MacConnechie,F,Poland,479-90-6870,£78572.04
Tarrah,Smeuin,F,Philippines,340-01-2709,£89962.43
Marius,Outhwaite,M,Brazil,532-70-5204,£40466.01
Gerladina,Mundee,F,Philippines,600-78-9573,£17600.27
Dorine,Dighton,F,Uzbekistan,170-60-3823,£92025.94
Nicolis,Gilfether,M,Indonesia,598-44-7765,£65126.02
Cybil,Beare,F,China,735-38-6351,£31505.43
Ondrea,Saberton,F,Spain,716-89-5021,£64460.66
Monique,Viney,F,Brazil,204-03-7011,£40395.27
Solomon,Matten,M,Russia,617-25-3470,£17918.86
Jinny,Thewlis,F,Kazakhstan,193-36-4276,£77661.08
Elvina,Piper,F,Brazil,472-92-0262,£88134.69
Arther,Lusted,M,Philippines,287-13-6156,£45935.26
Puff,Dore,M,China,896-96-4481,£2819.87
Mel,Leathwood,F,China,703-61-5647,£35673.22
Gallagher,Bodle,M,China,245-04-2859,£5886.61
Mar,McGeouch,M,China,554-47-6497,£15343.61
Vassili,Gander,M,China,618-16-7029,£58867.17
Thia,Smithen,F,Niger,537-63-7793,£92280.57
Eziechiele,Rosenfeld,M,Indonesia,189-05-8257,£85442.54
Cathleen,Labbez,F,Ethiopia,558-09-7455,£8958.35
Durand,Cuberley,M,China,580-71-4757,£4014.17
Rollin,Exley,M,Indonesia,833-72-8067,£54776.09
Gerta,Andreazzi,F,China,209-16-1262,£14.07
Perla,Rostern,F,Russia,118-26-1237,£73036.69
Colby,Shuxsmith,M,China,389-36-0875,£23473.34
Drew,Meade,M,France,782-49-0121,£35923.73
Konstantin,Lathee,M,Norway,788-92-7634,£83790.75
Vittorio,Welfare,M,Mozambique,128-81-2999,£12078.26
Bellanca,Crayke,F,Ukraine,858-98-2780,£24198.01
Vonny,MacFadden,F,Afghanistan,824-35-4393,£90787.56
Inness,Tomczynski,M,Turkmenistan,812-81-0169,£83363.26
Stanislaus,Gresser,M,Sweden,732-58-6507,£12722.86
Anet,Dockerty,F,Peru,692-13-3887,£70708.37
Franzen,Martinovsky,M,Canada,124-79-7570,£-4288.29
Halette,Garrettson,F,Portugal,876-19-0997,£93447.67
Minetta,MacPherson,F,Indonesia,173-07-8297,£-345.39
Richart,Boscher,M,United States,555-04-5540,£80280.66
Merl,Pridham,F,Philippines,502-32-5379,£80019.83
Ruthi,Rollett,F,China,300-59-8218,£53141.46
Concettina,Altofts,F,Indonesia,146-73-3686,£44520.55
Rochester,Edelheit,M,Philippines,146-60-2977,£36687.30
Salomone,Brownbill,M,North Korea,794-68-0926,£6860.18
Aime,Stefanovic,F,China,449-68-6602,£75287.75
Rogers,Asplen,M,China,286-21-3881,£31639.38
Jeremy,McMurthy,M,Netherlands,431-58-9645,£87549.00
Margaretha,Trayling,F,China,319-33-9948,£48265.19
Collen,Pieroni,F,Canada,318-09-4522,£26740.91
Casey,Casel,F,Brazil,626-23-6183,£10571.17
Murry,Fiske,M,Indonesia,306-16-0267,£83144.69
Tiffy,Cooksey,F,Georgia,787-10-2971,£43828.84
Margarita,Benfield,F,China,292-83-6692,£1033.30
Fredia,Riedel,F,Indonesia,726-28-3632,£5449.64
Phillipe,Eberz,M,Kazakhstan,329-27-3435,£27179.37
Noella,Oakton,F,Brazil,116-01-5796,£75102.53
Nicolis,McInnes,M,Czech Republic,646-98-2032,£42068.33
Vera,Kock,F,China,790-59-4127,£21270.30
Bartel,Hurdman,M,China,780-13-1931,£6479.36
Danila,Nicholls,F,United States,760-96-1243,£58514.14
Benito,Cornewell,M,Brazil,726-41-7383,£-123.98
Jo-ann,Carncross,F,Vietnam,413-58-8365,£62675.91
Oralee,Huet,F,South Sudan,586-91-6206,£70324.35
Cyrus,Tante,M,Mongolia,535-14-3626,£30.60
Florencia,Barnwill,F,Chad,211-95-1417,£4018.20
Rudyard,Abrahm,M,Nicaragua,814-80-9166,£35399.45
Doralyn,Burker,F,France,417-08-8669,£43576.84
Knox,Elan,M,Russia,776-61-0700,£55301.85
Guthrey,Sinson,M,Poland,582-49-4405,£92286.71
Aveline,Allcorn,F,China,754-75-2617,£22127.38
Georas,MacTerlagh,M,Israel,834-16-8299,£32765.49
Creight,Martyns,M,Indonesia,892-01-9551,£-1260.07
Eirena,Carratt,F,Brazil,591-99-0896,£93961.37
Mahalia,Grzegorzewicz,F,China,335-89-8269,£7075.42
Ellery,Causton,M,Mongolia,631-64-5430,£-4565.12
Torey,Okenden,M,Puerto Rico,312-88-7196,£8117.08
Gardner,Pulley,M,Bhutan,857-20-4041,£8014.30
Charlena,Rizzi,F,Indonesia,153-34-2498,£58969.49
Nelson,Martusewicz,M,Portugal,770-66-4220,£50786.74
Joletta,Cabral,F,China,449-65-2874,£61300.05
Jervis,Rosson,M,Russia,621-54-5269,£35161.15
Glendon,Patinkin,M,Poland,440-48-1672,£3011.07
Norene,Krzysztof,F,China,612-49-8190,£91687.88
Erinna,Marle,F,Poland,735-99-9736,£61161.25
Emmanuel,Bidnall,M,United States,629-37-9509,£41643.30
Lindsay,Letcher,F,Haiti,854-50-2964,£84149.25
Nev,Fortin,M,Indonesia,136-18-4028,£15567.71
Karoline,Cammidge,F,South Africa,507-60-4119,£50832.97
Winny,Whorton,F,Czech Republic,721-39-9313,£20529.43
Amandy,Landsman,F,Bulgaria,477-23-5643,£19007.35
Daphene,Rekes,F,China,749-74-2740,£88284.15
Glyn,Thurling,M,Bulgaria,409-17-2133,£841.66
Curr,Duthie,M,Peru,134-28-5413,£89057.80
Simonne,Alabone,F,Laos,140-58-9326,£4141.43
Jade,Joska,F,Philippines,628-59-7528,£90686.95
Francyne,Clutterbuck,F,Indonesia,400-06-1239,£-936.77
Berenice,Hanhardt,F,China,106-54-8168,£59482.92
Chantal,Lavarack,F,Brazil,312-83-0464,£47107.83
Maryrose,Slaymaker,F,China,136-89-1031,£19263.45
Darci,Dutnall,F,Colombia,248-73-2431,£96464.23
Lemmie,Sabberton,M,China,299-38-3510,£87075.29
Neil,Dincey,M,Poland,858-92-0830,£16013.07
Antony,Cheyney,M,China,577-38-0382,£70783.06
Austin,Skoyles,F,China,154-74-9281,£36547.78
Sada,Iorio,F,Indonesia,668-75-6025,£12793.06
Hyacintha,Beddo,F,Russia,443-95-1276,£44543.72
Codi,Infante,M,Philippines,535-44-3440,£71854.47
Ancell,Mattielli,M,Vietnam,882-12-1050,£20268.00
Erma,Drysdale,F,China,473-47-6095,£11091.91
Karlyn,Fetherstan,F,China,320-62-1883,£43950.32
Jacky,Klemz,M,Norway,426-56-0729,£34674.19
Layne,Carnoghan,F,France,383-98-7878,£1089.36
Cletus,Demsey,M,Portugal,790-43-7408,£81147.74
Mikkel,Oglethorpe,M,China,543-42-5352,£68597.67
Bryanty,Sadler,M,Mongolia,868-08-8892,£36839.20
Jenelle,Raiston,F,Cameroon,264-86-7534,£73527.72
Wolfgang,Thewles,M,Guatemala,227-38-4838,£19547.60
Hyacinthia,Graddell,F,China,209-50-7924,£52422.64
D'arcy,De Vaux,M,France,880-75-2968,£46503.53
Magdalena,Orring,F,Indonesia,741-15-5707,£45117.07
Cullen,Tootin,M,Mexico,833-10-3330,£41819.95
Laure,Jakubovits,F,Canada,220-61-8810,£24807.16
Bambi,Sargeant,F,Thailand,273-06-8568,£56156.20
Lammond,Loach,M,Bahamas,254-52-6961,£61488.14
Molli,Allsop,F,Indonesia,436-32-5152,£96388.31
Chip,Quiddington,M,Russia,191-03-6517,£14315.24
Brok,Potapczuk,M,Ukraine,543-06-6704,£61982.96
Carolynn,Bever,F,China,405-94-6974,£35985.02
Jan,Grason,F,China,594-76-7444,£89475.57
Zsa zsa,Newgrosh,F,Sweden,632-31-1237,£71770.55
Allyce,Vickerman,F,China,806-77-5134,£55740.90
Percival,Birdwhistle,M,Brazil,331-41-1470,£22666.87
Adriano,Charleston,M,China,316-84-4467,£-1819.63
Merrill,Kopec,F,Saudi Arabia,259-42-2021,£83814.84
Lennard,Stirton,M,Palestinian Territory,787-11-9574,£23172.40
Kennith,Crenage,M,China,135-22-5258,£17708.61
Teirtza,Marques,F,Indonesia,442-11-7455,£83786.24
Dannel,Stendall,M,Philippines,891-94-3042,£71725.15
Alexander,Bernini,M,Brazil,493-05-7931,£2321.08
Hugo,Coldbreath,M,China,628-31-7687,£27655.57
Fernanda,Slowgrave,F,Indonesia,629-25-9568,£44445.87
Aurora,Katzmann,F,Kazakhstan,825-96-0529,£22262.01
Calhoun,Lathwood,M,Czech Republic,131-30-3348,£44042.95
Winny,Grimsdith,M,China,144-89-8228,£41379.12
Adel,Casterot,F,Portugal,366-59-2357,£-2911.28
Carly,Brookshaw,F,Portugal,889-80-3389,£72450.61
Hollie,MacCorley,F,Gambia,659-12-5835,£30032.89
Aurelia,Fallis,F,Spain,657-35-7602,£89090.84
Ronica,Penna,F,China,147-76-1168,£4144.22
Harv,Wyson,M,Finland,794-31-2229,£88189.46
Ellene,Kelly,F,Portugal,668-20-2004,£18905.31
Delaney,Vautre,M,Russia,545-76-1731,£38630.37
Brodie,Canter,M,China,742-02-5208,£25897.84
Jamie,Spargo,M,Philippines,557-69-2806,£60036.24
Prudi,Lillegard,F,Philippines,760-87-0307,£47481.27
Dacia,Fillingham,F,Indonesia,742-85-9640,£37157.87
Camilla,Skuse,F,Brazil,101-39-3769,£80402.84
Harbert,Pierri,M,China,655-46-1142,£239.48
Welsh,Shilston,M,Colombia,335-67-0461,£30122.96
Konstanze,Vellden,F,Bosnia and Herzegovina,343-47-1174,£46537.61
Annabell,Americi,F,Philippines,535-14-6328,£82096.87
Ginnie,Mundee,F,China,583-40-0531,£69726.53
Gayla,Tothacot,F,Uganda,636-54-3513,£70800.63
Dania,Heaker,F,Brazil,287-51-8487,£98360.46
Kimmi,Elles,F,China,704-12-4225,£78388.00
Ethelda,Binfield,F,Indonesia,143-49-2581,£54621.39
Fee,Velareal,M,Zimbabwe,157-33-1662,£97086.66
Kara-lynn,Turmell,F,United States,636-24-7192,£6560.81
Gerrie,Ballham,F,United States,634-84-2199,£7739.34
Nathanial,Anyene,M,Nepal,545-07-3413,£23047.55
Ulrikaumeko,Hitzschke,F,China,253-25-2876,£29036.44
Wylie,Keymer,M,China,343-79-3902,£90854.48
Karin,Floyde,F,Bolivia,257-49-9950,£20118.99
Brietta,Boeck,F,Mexico,763-41-9756,£17894.26
Harlin,Jacobbe,M,Dominican Republic,853-96-2735,£1277.72
Bea,Towns,F,Indonesia,320-90-2028,£59392.55
Kahaleel,Robertson,M,Indonesia,207-92-5581,£60889.80
Verina,Girdlestone,F,Russia,101-01-4152,£45095.77
Ilaire,Calbreath,M,Norway,760-77-0868,£28144.99
Stace,Guerin,F,Czech Republic,824-84-5826,£-4645.99
Freedman,de Nore,M,China,548-43-4950,£37105.03
Virgil,Dankov,M,Indonesia,539-87-8659,£78901.05
Maxie,Blazey,M,Ukraine,873-90-9275,£-2664.35
Modestine,Crouse,F,China,593-95-4591,£93108.85
Felicia,Vedenichev,F,Indonesia,808-03-8248,£94990.72
Pamelina,Cussons,F,Albania,375-91-2147,£-3180.86
Barrett,Iremonger,M,Poland,191-91-9426,£81117.16
Ninette,Kall,F,China,287-68-6663,£67607.46
Reynolds,Wrathall,M,Indonesia,508-05-8211,£70638.57
Bernete,Benini,F,France,677-08-9747,£71656.80
Trueman,Wickey,M,Russia,737-71-1600,£14847.44
Christoper,Stickels,M,Indonesia,828-48-9296,£94091.22
Austin,MacPaik,F,Brazil,422-24-7438,£67403.09
Lyda,Pond,F,China,580-71-8522,£-4921.01
Rolf,Harrald,M,China,533-62-5249,£49601.99
Ed,Frondt,M,Greece,802-17-9987,£82827.67
Odelinda,Nani,F,China,103-86-8313,£36184.40
Tamas,Blaber,M,Ivory Coast,159-88-8237,£47811.37
Robbie,Gulc,M,Sweden,265-76-7209,£56926.86
Easter,Ockleshaw,F,Lithuania,815-55-7798,£98124.71
Regen,Bault,M,Colombia,825-17-2989,£53469.21
Ruthie,Hacket,F,China,817-40-8879,£43949.41
Nissa,Rodders,F,Philippines,572-58-9610,£5292.52
Samson,Da Costa,M,France,462-01-9754,£19976.17
Kermy,Chotty,M,Czech Republic,444-54-4665,£74569.40
Raquel,Milbank,F,Denmark,635-28-8049,£86538.62
Harp,Quilleash,M,Japan,769-11-2387,£99087.71
Albert,Extance,M,Thailand,620-85-1491,£11739.45
Aarika,Szepe,F,Bangladesh,301-23-2388,£54935.82
Hill,Hargreave,M,China,410-69-5764,£76797.26
Rogers,Jovanovic,M,Iran,529-34-3048,£70046.83
Angelique,Kayne,F,Russia,552-96-5764,£68088.08
Kyle,Newbery,M,Moldova,672-30-0637,£21057.87
Babette,Bantham,F,Bolivia,276-91-7122,£20921.35
Lew,Deeson,M,Philippines,793-51-2220,£91912.84
Jacinthe,Jostan,F,Philippines,677-38-0178,£82679.00
Osmund,Lemarie,M,Russia,807-53-4245,£68028.92
Eugenia,Dodimead,F,Bangladesh,696-81-9873,£97682.12
Elvyn,Mussett,M,Cambodia,486-42-7891,£5726.31
Ulberto,Boyfield,M,Sweden,607-89-7581,£96628.59
Legra,Siggens,F,Brazil,660-02-4578,£41911.72
Madge,Dilley,F,China,562-13-9601,£74632.12
Imogen,Lovett,F,Mozambique,336-17-6964,£58200.11
Chancey,Farlowe,M,China,725-61-6393,£-1438.61
Christos,Nuzzetti,M,United States,143-04-1051,£36821.42
Phaedra,Matthis,F,Thailand,576-77-9980,£24186.61
Ava,Langcastle,F,South Africa,718-03-2419,£22373.65
Gonzalo,Branigan,M,Paraguay,609-88-8238,£98320.64
Welby,Moreno,M,Indonesia,851-99-8313,£24344.60
Goldarina,Kinzel,F,China,524-42-2332,£98151.87
Xenos,Jedrzejewsky,M,Libya,254-91-5203,£40299.02
Marcus,Mickleburgh,M,Poland,538-47-1652,£8183.10
Shannon,Grave,M,United States,828-17-8276,£79152.07
Betteann,Meryett,F,Portugal,387-70-6776,£22977.20
Dame,Hullyer,M,Ukraine,863-42-1973,£23814.28
Isidor,Lubman,M,Ecuador,244-78-3914,£6724.23
Kati,Drioli,F,Mexico,281-03-0889,£41200.34
Cazzie,Belsher,M,Sweden,403-93-9919,£37365.45
Wesley,Leeman,M,Belarus,436-64-7210,£-2228.02
Rivi,Chevalier,F,China,712-24-8972,£50247.96
Allistir,Romanski,M,Portugal,201-94-2236,£59172.94
Enrika,Pykerman,F,Indonesia,123-54-3283,£4990.69
Brion,Goodbourn,M,Bulgaria,340-60-2842,£81934.74
Miguela,Bronger,F,Sweden,245-66-4820,£68015.10
Artemus,Sollars,M,Netherlands,880-77-1972,£-2158.14
Myrtice,Toffts,F,Russia,630-63-0644,£52189.45
Ethelin,Boddy,F,Guatemala,318-61-0858,£55993.31
Joela,Kew,F,Tunisia,583-23-4452,£55643.00
Yale,Vacher,M,Ukraine,816-02-5651,£67798.96
Walsh,Cleyne,M,China,196-89-3822,£17536.39
Tasha,Dunguy,F,Afghanistan,617-10-4244,£90879.13
Elias,Patington,M,Canada,113-29-9484,£28794.75
Hasty,Patis,M,Indonesia,606-43-5540,£47606.55
Wilburt,Spreadbury,M,Thailand,572-15-1590,£27931.75
Jared,Armiger,M,Pakistan,805-97-6626,£41231.36
Bud,Devereu,M,China,130-09-8000,£59349.65
Marcellina,Althrop,F,France,445-58-2043,£6162.90
Jada,Harris,F,Indonesia,525-37-6708,£5166.46
Pris,Edyson,F,Philippines,750-28-4854,£85737.58
Audre,Wogden,F,Israel,667-98-3986,£12773.62
Elfie,Struss,F,Thailand,761-77-4947,£86978.84
Mark,Nathon,M,Indonesia,469-30-3141,£98271.54
Ciro,Crinkley,M,France,797-75-2057,£5543.49
Klara,Philliphs,F,China,537-31-6892,£32282.92
Ina,Pien,F,Canada,144-59-1026,£2822.85
Beilul,O'Coskerry,F,Peru,192-91-9741,£78634.83
Raffarty,Pudner,M,Philippines,231-39-6954,£-4306.21
Hatty,Hansen,F,Indonesia,330-63-5261,£98525.34
Charyl,Heustace,F,Indonesia,358-37-0392,£22079.73
Reiko,Kares,F,Russia,676-22-9813,£36829.78
Hildegarde,Corbin,F,Russia,697-73-7404,£41263.80
Ada,Bedlington,F,Indonesia,800-19-9061,£2040.41
Else,Lindell,F,Brazil,586-24-5417,£21402.69
Laetitia,Casley,F,Vietnam,141-52-4771,£65536.94
Gram,Ridolfi,M,Indonesia,682-75-2599,£31192.11
Rik,Dalston,M,China,639-70-3351,£38494.72
Delano,Frape,M,Vietnam,280-09-0042,£98223.62
Ronnie,Wheal,F,United States,286-30-9257,£99387.78
Boone,Lunge,M,Chad,352-76-0968,£83611.33
Jessee,Buttwell,M,Japan,772-45-9009,£97350.11
Eirena,Cuffe,F,Indonesia,700-81-8687,£32645.25
Tabitha,Trivett,F,Netherlands,848-19-5648,£16652.98
Booth,Verrell,M,Philippines,151-89-9914,£76062.55
Thor,Leivesley,M,South Korea,505-93-4645,£6908.56
Shawnee,Ullyott,F,China,644-16-2648,£82377.37
Ludovico,Kirtley,M,Russia,185-23-4596,£20984.20
Griz,Izakof,M,Indonesia,400-64-8925,£63709.69
Doy,Rendle,M,Brazil,192-39-2569,£45478.42
Ursa,Trobridge,F,Bangladesh,446-91-9629,£2525.86
Johna,Kinneally,F,China,601-82-7430,£403.79
Maury,Illidge,M,Russia,867-89-7604,£5113.13
Kelsey,Klimontovich,M,Indonesia,662-13-1654,£37276.56
Murray,Salvadori,M,France,180-22-8684,£78405.49
Zsa zsa,Stevenson,F,Uruguay,474-06-1491,£71192.10
Miguel,Glasbey,M,Philippines,372-30-9474,£14624.85
Lucienne,Le Pruvost,F,Indonesia,885-76-2770,£59913.38
Selma,Wethered,F,Indonesia,726-27-3024,£18486.53
Nannie,Dolohunty,F,China,702-12-1339,£75189.93
Cammi,Harmar,F,Philippines,141-76-5336,£58163.15
Celestia,Duddan,F,China,339-28-5412,£91880.48
Kinnie,Tweede,M,South Korea,464-47-2480,£74959.47
Garwin,Gumary,M,Mongolia,657-04-7094,£22249.06
Lilly,Bentje,F,China,222-39-9596,£30604.98
Hettie,Russo,F,China,185-58-2066,£80011.97
Jolyn,Linger,F,China,142-75-4345,£56413.82
Elsey,Clelland,F,United States,471-96-7385,£90856.53
Gayle,Warnes,M,Canada,625-67-4453,£55974.15
Morgun,Bean,M,Philippines,790-22-3210,£19515.42
Somerset,Muckley,M,Netherlands,444-56-6553,£6367.59
Ameline,Breddy,F,Argentina,295-32-2923,£10361.33
Artemis,Steljes,M,Saint Kitts and Nevis,532-99-8285,£93373.24
Rebecka,Gedling,F,Indonesia,417-59-6347,£10793.24
Ellette,Ricson,F,Indonesia,560-20-2818,£69725.27
Clarinda,Brandel,F,Russia,583-42-7997,£52698.40
Phaedra,Yosevitz,F,China,149-52-3574,£83588.47
Tisha,Regus,F,Ukraine,352-76-6964,£85192.93
Reynold,Dabling,M,Portugal,142-79-3915,£48934.98
Sapphire,Barribal,F,Poland,686-81-7244,£31090.89
Sutherland,Collabine,M,Croatia,854-06-9899,£24494.32
Cristin,Aiers,F,China,369-28-1738,£52504.92
Verile,Grzelewski,F,Montenegro,591-66-1756,£211.66
Adam,Quarton,M,Ukraine,456-45-8856,£53923.84
Rodd,Sustins,M,France,620-11-1307,£71406.12
Tyson,Hallatt,M,Greece,687-34-7443,£80634.00
Melvin,Havill,M,China,142-53-2091,£74858.16
Tarah,Wemm,F,Russia,863-38-4891,£-906.44
Nathanil,Huton,M,Palestinian Territory,818-25-0126,£93775.51
Vlad,Tours,M,Antigua and Barbuda,488-32-6765,£63680.70
Molly,Hansill,F,Indonesia,838-56-7044,£84948.83
Cameron,Salmond,M,Austria,369-10-8923,£42312.07
Sammy,Dionis,M,Sweden,698-38-9885,£41683.60
Hinze,Gredden,M,China,254-20-0415,£59138.38
Alix,Dunley,F,China,295-32-4371,£33466.72
Sax,Siemens,M,China,261-72-0076,£67564.98
Ruthy,Haggata,F,Seychelles,508-69-4351,£74596.08
Junia,Woodyatt,F,Puerto Rico,415-46-2893,£65507.70
Piotr,Emmett,M,Nigeria,437-21-2891,£90828.94
Ginnifer,Judkin,F,China,455-63-7982,£9309.52
Corabelle,Aspden,F,China,752-73-0540,£11192.58
Selma,Kroll,F,Philippines,411-42-8791,£73641.27
Gladys,Canepe,F,Russia,465-98-1559,£29529.24
Ailbert,Nehlsen,M,Costa Rica,168-48-7035,£85358.38
Vinita,Forbes,F,Poland,437-21-5192,£32391.79
Findley,Rowland,M,Greece,770-42-1290,£26317.27
Nero,Zarfai,M,Liberia,185-97-9469,£99938.01
Kath,Rittelmeyer,F,Slovenia,671-75-0647,£33410.18
Neala,Di Biaggi,F,Indonesia,788-70-2865,£74842.29
Regen,Jayme,M,Ireland,371-41-2597,£99669.15
Goran,Kall,M,Indonesia,397-68-5024,£75785.50
Ciro,Balazin,M,Benin,262-32-2509,£69343.96
Ruggiero,Smitheman,M,Thailand,407-81-2468,£60599.39
Natalie,Reihm,F,Indonesia,282-54-8058,£41024.12
Sly,De Andisie,M,China,368-13-5735,£-3137.81
Allen,Wookey,M,Indonesia,105-74-0429,£43680.12
Reyna,Demer,F,Russia,630-81-6443,£9893.42
Mattheus,Fowkes,M,China,797-64-3646,£41869.79
Royce,Hrinchenko,M,China,608-83-2186,£40558.15
Chaunce,Juanico,M,Japan,371-96-5300,£33022.68
Rowena,Snalom,F,France,365-76-8914,£97188.41
Nobie,Sebley,M,Afghanistan,523-77-2579,£57500.45
Darius,Zannotti,M,China,439-24-4698,£86103.88
Davon,Stanway,M,Indonesia,860-11-2548,£7939.53
Freemon,Culvey,M,Russia,270-56-8845,£9621.56
Law,Blaxeland,M,Senegal,443-22-6495,£81448.36
Steve,Lakenton,M,Japan,657-36-1923,£52878.17
Eileen,Beldan,F,Indonesia,436-79-1760,£67661.97
Jayme,Benardette,F,Czech Republic,555-31-5953,£64430.07
Liliane,Matveiko,F,Czech Republic,257-18-6019,£82994.51
Demetri,Vicioso,M,Colombia,503-42-8059,£70217.52
Cyrillus,Haggarth,M,Haiti,369-39-5592,£98372.29
Jacinta,Ivermee,F,Brazil,686-51-9181,£36242.16
Fredia,Domenichini,F,Canada,123-56-2934,£46989.33
Panchito,Grimble,M,Peru,648-97-2930,£24572.49
Alberik,Caddell,M,United States,458-29-1666,£35739.13
Erika,Casaro,F,Sweden,451-71-2606,£49743.35
Roselin,Beeston,F,Moldova,355-58-7264,£42382.66
Mano,Alenichev,M,China,726-01-5350,£52287.56
Abagael,Gilman,F,China,708-15-6356,£86714.79
Danny,Guisot,M,Tunisia,400-82-9754,£98662.67
Elias,Keford,M,China,187-64-7963,£65351.16
Jillana,Hedworth,F,Malaysia,538-70-5217,£62634.52
Cristian,Clashe,M,Russia,845-61-2851,£63015.89
Giavani,Irving,M,China,474-27-8588,£80344.95
Elnar,Tuxill,M,China,845-67-5088,£53135.54
Ediva,Perrelle,F,Czech Republic,117-40-1122,£68707.81
Locke,McNee,M,Brazil,262-29-5492,£73812.55
Bryant,Hedde,M,Bolivia,881-41-3037,£31210.92
Maribel,Shapter,F,China,427-35-5898,£70509.03
Lorianne,Garralts,F,United States,722-58-0702,£77299.04
Angelo,Abramowsky,M,China,692-46-2619,£70477.15
Isak,Hellard,M,Canada,870-76-6025,£86461.44
Rosco,Nolda,M,China,277-98-4191,£43906.85
Demetri,Petrakov,M,Indonesia,415-24-4670,£19076.22
Carny,Cinavas,M,Philippines,615-14-1836,£21245.38
Teresa,Greim,F,Japan,504-02-8942,£64795.71
Hoebart,Olivello,M,Indonesia,479-30-8040,£43183.71
Antoni,Yuryev,M,Russia,870-71-1592,£66636.62
Wilma,Espadate,F,Argentina,587-74-3820,£59236.86
Clemmie,Cushe,M,China,477-71-7453,£68152.36
Cicely,Steeden,F,China,247-09-4139,£89961.99
Crin,Proswell,F,Latvia,403-52-0389,£3549.74
Rudolph,Molohan,M,Indonesia,422-23-1393,£84866.83
Millard,Millsom,M,United States,406-99-4935,£41423.10
Huey,Prandi,M,Sweden,281-49-0004,£24158.24
Zorina,Pumphreys,F,Russia,631-16-7488,£33247.86
Caesar,Hugues,M,South Korea,683-56-6829,£59108.55
Ahmad,Toward,M,Ukraine,827-54-9260,£49158.72
Dottie,Walpole,F,New Caledonia,549-84-6447,£93138.95
Bel,Ellwand,F,Philippines,227-14-2027,£16010.64
Jaymee,De Filippis,F,Iran,837-53-7566,£63787.61
Donnamarie,Babb,F,Cameroon,261-72-4681,£17546.85
Morganne,Penkman,F,Indonesia,166-99-5652,£64081.55
Gill,Patington,F,Uganda,868-55-9854,£4327.24
Mavra,Bareford,F,Colombia,515-16-9231,£66739.64
Birgitta,Nottle,F,China,840-54-2382,£38701.57
Danny,Kibbel,M,China,684-77-8184,£11498.24
Winfred,O'Flynn,M,Finland,561-19-6201,£97569.95
Davina,Sher,F,Russia,368-50-8074,£38986.07
Angelita,Hannen,F,China,286-38-0538,£13534.48
Ferdinande,Creevy,F,Russia,648-51-8906,£61666.12
Brita,Ganniclifft,F,China,171-65-3053,£91541.37
Candie,Stepto,F,Poland,156-24-2935,£55022.92
Shaine,Widdop,M,Serbia,514-08-7881,£46964.04
Boothe,Stiller,M,Indonesia,815-79-1241,£92015.64
Orelee,Lightoller,F,Cuba,550-04-5501,£27215.73
Clemmie,Camellini,M,China,352-25-4530,£21202.40
Stefania,Hawsby,F,China,336-37-4552,£52166.32
Una,Oglethorpe,F,France,183-84-7710,£99490.71
Kandace,Biggs,F,Ukraine,448-36-5651,£18089.85
Emelina,Hanhard,F,South Korea,698-46-0238,£95879.41
Pavia,Vasyukhin,F,China,347-96-8278,£54693.27
Benyamin,Realph,M,Peru,789-21-9755,£79207.29
Blondie,Stennard,F,Indonesia,556-50-1059,£11895.55
Alejandra,Leffek,F,Mexico,132-71-4564,£3145.70
Salome,Huton,F,Indonesia,352-89-9727,£70126.27
Rosemarie,Tomblett,F,Russia,621-94-1121,£-307.70
Samuel,Burgin,M,Macedonia,611-41-7889,£-561.13
Cindelyn,Janouch,F,Peru,580-25-8998,£43874.08
Enrika,Joris,F,France,460-26-3781,£40270.45
Laverna,Argo,F,Japan,879-29-7001,£15802.08
Court,Gallaway,M,China,807-46-6328,£28867.74
Callean,Kleinberer,M,Indonesia,423-41-1224,£55982.78
Theodosia,Kedge,F,Indonesia,469-65-7873,£-2736.23
Byrle,Hutten,M,Greece,238-40-6883,£97477.13
Wilhelm,Wolfart,M,Greece,175-67-3672,£292.47
Darrick,Pund,M,Egypt,606-65-5898,£22217.96
Susan,Abramski,F,Nicaragua,763-44-6298,£9304.54
Storm,Hullock,F,Ecuador,766-39-3092,£14082.14
Talyah,Normington,F,Russia,473-82-8120,£69711.49
Crissy,Bitterton,F,United States,716-51-2186,£15137.07
Jules,Clineck,M,Sierra Leone,806-62-9158,£74026.41
Nataniel,Fermoy,M,Thailand,162-03-2881,£24295.64
Chrystel,Skala,F,Burkina Faso,358-13-2739,£94620.06
Brigida,Leebeter,F,Indonesia,349-48-0897,£28385.67
Kelley,Ardron,M,French Guiana,100-75-0895,£22984.26
Elysee,Primett,F,Israel,546-40-5971,£88952.83
Ninon,Reddle,F,China,497-06-6633,£69684.76
Davy,Ballefant,M,China,458-84-2640,£29149.05
Anatol,Fronsek,M,Indonesia,815-69-4859,£66221.23
Abbi,Langrish,F,Macedonia,618-97-9070,£82068.80
Babita,Marcam,F,Greece,853-34-8499,£74262.32
Hobard,Ilieve,M,Mongolia,463-31-8257,£52830.21
Gallagher,McIlwreath,M,Indonesia,596-87-9910,£83873.79
Christabella,Klaes,F,Canada,109-35-5673,£14587.71
Fannie,Eleshenar,F,Philippines,148-27-8011,£67785.50
Gillan,Vercruysse,F,China,489-88-7487,£67778.59
Dani,Pauli,M,Russia,736-59-0829,£96408.40
Josselyn,Warsap,F,Mexico,747-62-5634,£46906.24
Franky,Grieveson,F,China,568-89-1017,£91609.15
Tristam,Brumen,M,Uruguay,671-40-4942,£17921.31
Wandis,Fenner,F,Poland,576-79-4342,£378.40
Hobey,Korf,M,Denmark,852-66-3622,£56656.44
Byran,Attwill,M,Russia,224-03-0181,£24138.75
Lannie,Iacapucci,M,Philippines,190-43-7834,£76632.17
Aldis,Ellesworth,M,Portugal,145-15-4227,£40551.77
Perry,Goulston,M,Russia,538-11-9254,£29796.55
Elladine,Annion,F,United States,387-34-3255,£43297.59
Aldis,Fell,M,Ghana,277-97-9484,£81621.84
Kamila,le Keux,F,Indonesia,353-61-5433,£46266.49
Chick,Botler,M,Philippines,385-28-7711,£47622.99
Bea,Antonikov,F,Portugal,750-98-5589,£36814.27
Demetris,Ondrus,F,France,651-66-2688,£5964.82
Sunshine,Packham,F,Brazil,570-57-2032,£26079.25
Brittani,Oxtarby,F,Israel,574-08-0966,£56723.24
Boigie,Cann,M,Indonesia,482-74-6410,£-4179.45
Vlad,Izkoveski,M,Philippines,749-72-6851,£33697.93
Katerine,Letterick,F,Chile,854-05-2231,£57906.08
Sileas,Legonidec,F,Mongolia,659-32-3928,£74619.99
Ronnie,O'Neill,F,Vietnam,242-46-3532,£99074.13
Neala,Beartup,F,Yemen,400-20-1126,£93178.29
Vernor,Le feaver,M,Burkina Faso,437-16-1966,£80295.55
Boy,Werndley,M,Philippines,826-15-8509,£52527.44
Smitty,Woodhall,M,Mexico,373-37-9847,£24399.17
Nicolea,Kuhnel,F,Kazakhstan,108-60-9670,£54457.98
Stinky,Fordy,M,China,703-10-1840,£46887.45
Ingra,Masser,M,United States,268-23-0567,£57064.98
Sloan,Stearne,M,Venezuela,194-25-4415,£96265.35
Luci,Main,F,China,140-89-2072,£61176.13
Julie,Campbell-Dunlop,F,Norway,870-90-8420,£23601.91
Akim,Wolstencroft,M,Philippines,341-11-5561,£90414.19
Alair,Burbury,M,Russia,253-87-8727,£45743.77
Jacky,Quarles,M,Philippines,780-10-7453,£66135.56
Clayborne,Croxton,M,Malaysia,263-21-7721,£19964.81
Doralynn,MacElharge,F,Slovenia,219-43-9690,£33021.53
Dietrich,Beau,M,United States,325-71-7258,£24899.91
Lily,Webben,F,Egypt,670-32-3985,£29695.26
Joey,Coultar,M,Isle of Man,427-68-1495,£-756.83
Joaquin,Scripps,M,Greece,747-44-0043,£76027.81
Leonie,Duckett,F,Indonesia,736-13-5970,£21875.22
Inger,Linwood,F,Philippines,864-43-7091,£-4062.95
Wallie,MacHoste,F,Mexico,185-96-5883,£81247.18
Stephannie,McNamara,F,Brazil,534-09-9030,£-3249.48
Rickert,Dyment,M,Finland,292-28-8379,£5682.28
Moishe,McIlvaney,M,China,591-56-1017,£76592.24
Sergio,Idwal Evans,M,Pakistan,408-21-1258,£64294.61
Ives,Ovill,M,China,184-46-1982,£66361.36
Aluino,Garden,M,Russia,190-45-5864,£40590.42
Donny,Massenhove,M,Democratic Republic of the Congo,103-58-0467,£71703.39
Gabriele,Rodson,M,China,282-03-2973,£50181.01
Cathee,Accombe,F,Belarus,640-49-9906,£59861.79
Vidovic,Itchingham,M,Brazil,358-34-1209,£51571.74
Lillis,McKeag,F,China,492-70-5100,£63510.37
Berkly,Diment,M,Indonesia,215-54-8406,£72027.09
Aigneis,Maber,F,Armenia,821-27-0735,£96862.51
Olav,Signori,M,Thailand,867-88-1322,£53335.29
Maye,Stoll,F,Philippines,468-54-3119,£5034.98
Benjamen,Sanham,M,Mexico,874-41-4441,£47445.02
Berk,Loosley,M,Russia,895-79-9592,£80650.33
Carlos,Polo,M,Chile,447-79-1370,£28535.99
Reeba,Kundert,F,Portugal,280-09-6339,£36218.90
Onofredo,Thomason,M,Madagascar,578-72-9304,£80149.84
Jedidiah,Marusyak,M,Libya,671-74-8838,£56584.01
Gabe,Gallemore,M,Indonesia,311-36-5380,£46671.71
Odelia,Vinker,F,China,157-72-6259,£84042.82
Kelli,Huggen,F,Indonesia,747-43-3197,£209.35
Shauna,Stienton,F,Japan,483-19-9429,£85042.93
Kaylee,Asbury,F,Thailand,505-50-3397,£12963.83
Lynde,Rasch,F,China,532-02-0517,£-1676.21
Knox,Shawcroft,M,Indonesia,512-46-9719,£31623.91
Wood,Drain,M,United States,332-67-5034,£24349.25
Conant,Boorne,M,Iran,555-72-5152,£-562.30
Tatiana,Corteney,F,Philippines,742-77-2302,£72406.92
Lilly,Johananov,F,China,174-18-7427,£56717.12
Graham,Alessandrucci,M,Iran,490-98-4685,£609.93
Chastity,Skentelbury,F,Brazil,806-23-9131,£20826.71
Sybille,McMarquis,F,Tanzania,101-23-3531,£7800.35
Sayers,O'Concannon,M,Russia,705-81-1770,£67417.73
Kacey,Godden,F,China,251-52-7929,£77217.13
Bradley,Byfield,M,Bangladesh,889-96-0247,£71318.35
Arty,Capineer,M,China,669-64-9145,£20959.67
Charmain,Shovel,F,China,768-53-4483,£52910.25
Karim,Jiroudek,M,Indonesia,762-95-5890,£14161.27
Joyous,Trenbey,F,Russia,689-07-7682,£8395.16
Glynis,Cobain,F,Azerbaijan,255-22-4568,£63971.47
Catriona,Manhood,F,China,740-99-9877,£15480.61
Hanni,O'Crowley,F,South Africa,136-86-1020,£29146.21
Craggy,Casajuana,M,China,889-79-2116,£10713.56
Bobbie,Gebbe,M,Russia,685-20-9495,£47554.64
Kippar,Bissiker,M,Indonesia,245-57-4413,£12223.44
Pernell,Ivanyukov,M,Indonesia,894-34-0653,£-944.90
Marlon,Grahlman,M,Afghanistan,437-77-5915,£85822.31
Kristos,Brunstan,M,Indonesia,632-49-6493,£59958.54
Ursula,Ever,F,Belarus,802-79-0368,£53152.82
Shanda,Honack,F,Russia,867-09-2814,£20907.30
Port,Lownds,M,Mongolia,623-17-0774,£73839.30
Carola,Earingey,F,Latvia,392-25-1236,£43043.98
Judi,Proudlock,F,Portugal,752-67-9721,£27089.83
Cayla,Grass,F,Indonesia,765-60-9305,£16308.82
Cad,Diddams,M,France,576-06-5691,£37577.61
Edsel,Evamy,M,Guatemala,495-30-0026,£51808.75
Gilly,Bennington,F,Philippines,168-58-2525,£88546.82
Emma,Ettritch,F,Vietnam,602-74-0032,£5377.02
Vernor,Connerry,M,Nigeria,601-45-4725,£85930.30
Rand,Niese,M,Philippines,320-95-2616,£91529.76
Silvana,Pelcheur,F,Hungary,431-63-1560,£22343.93
Miran,Razoux,F,China,399-36-5401,£17359.41
Leigh,Wallington,M,China,607-61-0062,£73406.58
Mair,Musson,F,France,500-12-2865,£59452.30
Francklyn,Sherland,M,Indonesia,378-95-0094,£13820.06
Norean,Andriessen,F,United States,888-17-9141,£48736.42
Darleen,Fearby,F,Mexico,251-95-9836,£16670.38
Zorina,Clemencon,F,Lebanon,147-31-2785,£92811.46
Nial,Choake,M,Turkmenistan,760-55-2270,£-1750.22
Carol-jean,Limon,F,China,764-43-9806,£94295.69
Pattin,Paszak,M,Colombia,393-17-3126,£46845.00
Andrey,Eisikowitz,M,Poland,740-15-7535,£59788.09
Jethro,Jirzik,M,Mongolia,571-85-0813,£26588.88
Trula,Cundey,F,Israel,378-85-7351,£3862.43
Kirsti,Morecombe,F,Brazil,421-68-4049,£89413.17
Jakie,Snepp,M,Indonesia,498-88-5988,£43941.40
Enoch,Arbon,M,Egypt,849-57-9418,£42559.57
Harriot,Lages,F,Philippines,638-70-5349,£56261.35
Abbie,Bodycombe,M,Tokelau,606-64-9526,£58485.92
Joana,Cawkill,F,Guatemala,469-56-9010,£35802.92
Renate,Berthouloume,F,Russia,779-80-6803,£14301.80
Clari,Pitford,F,Indonesia,810-39-6375,£17460.96
Hedy,Ajean,F,Poland,549-08-3540,£38166.66
Tani,McClunaghan,F,Greece,483-12-9922,£29217.87
Moise,Merriment,M,Vietnam,339-64-1836,£75659.17
Levi,Julien,M,Philippines,528-46-2756,£91618.23
Lizette,Zorzetti,F,France,455-94-0155,£35697.38
Brant,Kleingrub,M,China,830-20-0744,£-1449.94
Helge,Fagan,F,China,840-73-8088,£32459.56
Yorker,Chatteris,M,Brazil,822-23-6565,£61536.78
Felisha,Staite,F,Argentina,819-55-9320,£52791.81
Lidia,Lilloe,F,China,898-01-7308,£27891.91
Gabbie,Sandford,F,Philippines,622-98-9375,£66536.83
Dalton,Bloore,M,Pakistan,278-78-2194,£49651.55
Hyacintha,Hindmoor,F,Serbia,639-08-6789,£465.63
Cristi,Hailey,F,China,140-04-5900,£20499.13
Mel,Gopsell,M,United States,825-89-4579,£5326.22
Kile,Rastrick,M,Philippines,872-39-1666,£83301.17
Filberto,Prys,M,Ecuador,572-14-9031,£13282.13
Carolann,Roast,F,United States,719-54-9267,£8607.23
Leanna,Lorek,F,Sweden,346-81-3037,£30081.36
Eal,Molesworth,M,Poland,537-76-4473,£62582.31
Hetty,Axup,F,Sweden,167-55-4101,£-4935.19
Naoma,Paraman,F,Peru,832-66-4363,£17162.26
Pasquale,Betteriss,M,China,671-58-2811,£40877.28
Thornton,Abramzon,M,China,116-13-3524,£99073.18
Thaddus,Cawker,M,China,658-14-1674,£13484.97
Archer,Clogg,M,Indonesia,898-11-0353,£-3199.10
Ekaterina,Gozard,F,Peru,594-10-2915,£11582.25
Dom,Spinnace,M,Indonesia,548-29-6479,£71327.90
Sheffield,Fountain,M,China,544-49-8156,£8255.03
Gilly,Burras,F,Brazil,174-16-6107,£55837.13
Lucinda,Dalliwater,F,France,730-80-2765,£52316.83
Any,Walisiak,M,China,722-24-4503,£47184.90
Theressa,Serjent,F,Argentina,112-04-7107,£-3951.73
Giorgi,Stanislaw,M,Czech Republic,752-27-9378,£69040.25
Cosme,Jeggo,M,Poland,850-85-9739,£9576.22
Ginnie,Mersh,F,Portugal,542-87-0837,£84221.03
Blayne,Gatteridge,M,Japan,682-76-8613,£53533.52
Kathy,Gymblett,F,Thailand,877-46-8096,£55022.72
Ulberto,Martygin,M,Poland,133-09-8692,£-1303.32
Bradley,Fettis,M,Indonesia,213-50-9303,£33034.97
Farris,Lemonnier,M,China,804-72-1872,£59762.08
Cullin,Awdry,M,China,186-25-9003,£43882.09
Gerome,Copelli,M,Sweden,250-27-9921,£81105.67
Netti,Soame,F,China,397-78-4433,£88343.41
Lizzie,Cayley,F,Philippines,802-74-8745,£80470.30
Jannelle,O Mullen,F,Colombia,859-83-1691,£24211.21
Ban,Hamshaw,M,Argentina,723-12-0655,£33085.61
Wynn,Cleever,F,Philippines,112-94-9285,£54803.41
Arliene,Stocking,F,South Africa,859-46-7097,£72877.25
Donnie,Cohr,M,Iran,435-93-8836,£76433.15
Buckie,Leathe,M,Brazil,883-99-3482,£63911.62
Dorian,Ciciotti,M,China,451-88-0888,£8647.99
Kenna,Bartlomiejczyk,F,China,659-27-9578,£76444.87
Merle,Clapton,M,Pakistan,412-72-0993,£73418.52
Cori,Ghio,F,Israel,131-28-9665,£23285.83
Randi,Perot,F,Indonesia,331-96-1101,£26166.40
Gabbi,Grahlman,F,Poland,393-14-5769,£76660.50
Wendy,Winterbotham,F,Brazil,739-36-8227,£10397.75
Manfred,Jodkowski,M,Russia,818-17-1283,£44023.30
Steffen,Sayton,M,Russia,866-95-3930,£33688.99
Sandor,Ruppeli,M,South Africa,615-92-2307,£18309.06
Niel,Freda,M,Portugal,766-56-0612,£99867.94
Marylou,Iacomini,F,Brazil,329-45-0729,£37453.11
Viviene,Dunk,F,Colombia,838-80-5152,£46607.42
Janis,Gooderson,F,Japan,242-27-9721,£61503.10
Therine,Lippitt,F,Serbia,553-14-5250,£61700.10
Frank,Molden,M,Bulgaria,659-04-9955,£63606.54
Tiffy,Eskell,F,Slovenia,129-95-3630,£92998.17
Trefor,Schowenburg,M,Bulgaria,845-98-9964,£57558.54
Lloyd,Huygens,M,Macedonia,392-67-1640,£14205.29
Karylin,Thunderchief,F,China,386-43-3682,£32215.97
Gennie,MacCome,F,El Salvador,748-49-2205,£82358.25
Saw,Dallemore,M,Finland,838-90-4005,£76031.41
Judon,McHale,M,Slovenia,553-99-9397,£40066.31
Ingrim,Nucator,M,Philippines,875-54-3925,£92383.43
Goraud,Inchley,M,Canada,622-19-9424,£44771.36
Dalli,Levins,M,Thailand,638-72-1659,£81401.85
Kathe,Van den Broek,F,Russia,592-55-8352,£49911.71
Emmet,Cowden,M,Yemen,843-08-1371,£18701.97
Johnny,Aguirrezabal,M,South Korea,231-60-9547,£66455.92
Clem,Scargle,M,Indonesia,593-08-7216,£60409.74
Felice,Billiard,M,Mauritania,373-06-4284,£56434.91
Toddie,Sturch,M,Denmark,101-28-8358,£4826.64
Cherey,Banger,F,South Africa,328-45-0788,£56399.63
Elias,Fowley,M,Azerbaijan,370-50-9199,£66439.02
Tamar,Orsi,F,Nigeria,835-95-3216,£24685.62
Lara,Neads,F,Brazil,817-59-0182,£28675.97
Estevan,Chasle,M,Russia,684-38-2884,£26392.10
Burg,Verrall,M,Poland,490-60-3196,£85934.24
Calypso,Turley,F,Sweden,243-41-0373,£98671.72
Alexia,Besantie,F,Indonesia,401-14-4089,£-1563.49
Osborne,Fonquernie,M,China,209-09-0191,£69090.99
Cornie,Yakubovics,F,Russia,459-52-4598,£47354.33
Elfreda,Grevel,F,Philippines,260-33-0869,£69143.04
Neddy,Melvin,M,Japan,451-74-6063,£91077.59
Vanya,Aherne,M,Indonesia,549-83-2280,£80219.60
Tristan,Meo,M,China,624-99-5030,£11178.61
Roosevelt,Mercik,M,Netherlands,719-21-2736,£15885.58
Clerc,Sloegrave,M,China,604-23-0428,£249.34
Bil,Veltmann,M,Yemen,246-15-9553,£59697.01
Darb,Djuricic,F,Egypt,452-77-8047,£82943.58
Worden,Swatman,M,Portugal,173-52-0637,£33659.85
Claudette,Mainland,F,China,768-13-7066,£28670.31
Bailey,Graeber,M,Indonesia,619-05-5014,£1168.54
Cchaddie,Nutt,M,Cuba,310-22-7698,£64655.59
Gregoor,Scrowson,M,China,374-66-1909,£82622.49
Loria,Dubery,F,France,640-64-8086,£28619.05
Melesa,Calvie,F,Russia,371-40-1103,£65205.89
Gustie,Tonsley,F,Serbia,830-50-6854,£49602.12
Federica,Muirden,F,Japan,556-45-1661,£81924.24
Rog,Scantleberry,M,China,215-12-4576,£13875.79
Bella,Fussell,F,Czech Republic,326-78-5172,£2916.90
Jorge,Maulden,M,United States,500-85-2835,£21110.14
Sarena,Conn,F,China,262-03-8957,£57872.70
Salaidh,Andrzejczak,F,Indonesia,443-42-8687,£70136.42
Lottie,Bucknill,F,Brazil,411-64-1225,£12621.87
Honoria,Wyss,F,Netherlands,205-39-3449,£13542.23
Robina,Lanahan,F,China,697-72-0678,£54408.02
Daune,Vannuchi,F,China,305-78-3881,£82021.40
Auroora,Dumbare,F,Palestinian Territory,471-81-2250,£99351.14
Mace,Sutty,M,Poland,117-85-3424,£49691.26
Pattie,Fairhead,F,Bosnia and Herzegovina,651-73-9091,£34901.02
Farrell,Melarkey,M,Canada,223-10-3750,£83841.93
Sinclare,Van der Son,M,China,319-64-0036,£93294.70
Connor,Borrill,M,Ecuador,742-72-6622,£27449.51
Murdoch,Aires,M,Ireland,570-27-4618,£10260.20
Donnie,Parren,F,Bangladesh,840-91-2515,£36448.97
Myles,Whitton,M,Chad,851-67-2295,£72430.00
Ambrosius,Buchan,M,China,686-08-2257,£10852.52
Teodorico,Chatelain,M,Tanzania,837-97-9514,£66951.40
Annmarie,MacTeggart,F,Canada,102-83-8099,£34635.66
Cinderella,Roughey,F,Canada,465-59-3660,£25967.24
Valina,Lettuce,F,China,151-40-3121,£57453.86
Wakefield,Bhar,M,China,470-48-0455,£38706.29
Herrick,O'Caine,M,Poland,762-54-2791,£13668.72
Araldo,Permain,M,China,222-82-6433,£2742.35
Kiel,Burgis,M,Thailand,178-56-4822,£95198.79
Arly,Bris,F,Colombia,363-80-1342,£52008.26
Gwen,Francescuccio,F,Latvia,878-80-5210,£85111.19
Tucker,Casillas,M,United States,761-44-1141,£3768.73
Donn,Cumbridge,M,Croatia,730-51-8863,£65030.40
Reade,Jessop,M,China,392-20-0421,£20172.07
Ase,Muncey,M,China,845-94-8938,£40164.44
Ileana,Lithcow,F,Malawi,888-50-0080,£45912.59
Norri,Peplay,F,Peru,205-70-5300,£86922.49
Wilbert,Paterson,M,China,351-76-2431,£15699.29
Eziechiele,Pyer,M,Indonesia,123-01-0497,£59771.34
Theresina,Molyneux,F,Ukraine,630-84-9544,£19465.47
Reinaldos,Harragin,M,Brazil,271-95-8226,£57343.72
Nicky,Donald,M,Venezuela,123-70-3725,£69278.26
Ase,Tolmie,M,Poland,352-21-4258,£45941.63
Leif,Vannuchi,M,Russia,384-24-8915,£46991.78
Olympia,Wethered,F,China,673-77-3267,£2503.50
Denice,Sambedge,F,Russia,672-75-7507,£87456.32
Nerissa,Alderwick,F,Jamaica,563-62-8213,£71714.37
Dominic,Bolles,M,Colombia,492-10-9330,£24715.58
Ronda,Spilsted,F,Bulgaria,266-80-6972,£4502.49
Herman,Testin,M,South Korea,646-25-2492,£6625.96
Nikolaus,Bavidge,M,Philippines,755-18-3303,£70611.86
Corney,Landrieu,M,Thailand,172-40-1428,£99113.92
Sullivan,Galle,M,Russia,630-72-2113,£83523.61
Mandy,De Souza,F,China,446-12-8579,£79368.52
Karalee,Morfell,F,China,760-99-2831,£36774.19
Lotte,Wildish,F,China,246-78-7876,£34410.81
Hermina,Bythell,F,Argentina,695-61-5051,£29587.11
Willem,Pheby,M,Zimbabwe,194-90-0602,£55553.98
Jasmin,Thoms,F,Indonesia,483-90-5321,£15126.69
Gnni,Tabour,F,China,479-29-1462,£75218.53
Agosto,Conigsby,M,Rwanda,245-82-1776,£13112.76
Dell,Manwell,M,Honduras,877-41-8655,£99462.27
Adelheid,Chestnutt,F,China,819-80-6819,£60352.23
Natalina,Stoke,F,Indonesia,126-43-0305,£33576.71
Angie,Chamley,F,Czech Republic,434-69-6713,£50100.35
Heinrik,Larne,M,Indonesia,893-01-5859,£88700.54
Alexina,Hawton,F,Georgia,761-16-9431,£96835.51
Suzann,Northley,F,China,267-54-6601,£60607.01
Arnoldo,Mounch,M,Sierra Leone,240-86-3146,£53160.51
Joceline,Flaunier,F,Japan,370-55-5694,£85939.61
Dal,Brightman,M,Philippines,100-82-6952,£19021.73
Judas,Goskar,M,Honduras,885-35-8796,£40734.76
Dorey,Mapledorum,M,Mexico,317-65-1754,£17997.99
Fran,Garaway,F,Mauritania,579-77-7170,£80947.18
Karita,Viall,F,China,276-02-7854,£14684.93
Evelyn,Goggey,F,South Africa,254-74-6113,£93082.36
Catharina,Lerner,F,China,555-55-3743,£80417.36
Brigg,Ivanchikov,M,Indonesia,640-46-2045,£72213.87
Luther,Chaudrelle,M,Greenland,899-87-9426,£62015.45
Tarrance,Biers,M,Indonesia,182-70-7595,£48930.81
Kermy,Risom,M,Ecuador,723-11-2700,£32047.96
Kennith,Gilhool,M,Egypt,563-01-8976,£91182.16
Yuma,Flanner,M,China,220-03-1832,£40875.12
Cornell,Aikenhead,M,Netherlands,866-33-4685,£97857.42
Brena,Boraston,F,Thailand,885-73-7658,£92106.89
Izaak,Standall,M,Indonesia,732-29-6848,£8270.91
Gerek,Paschek,M,Panama,418-52-7724,£15032.51
Maryanne,Jerzak,F,Serbia,139-97-2572,£58551.31
Winfred,Cotesford,M,Russia,427-84-5317,£-353.62
Wait,Capner,M,Indonesia,650-33-9087,£39371.22
Sindee,Jeandeau,F,Indonesia,505-96-7733,£94685.30
Davis,Thebe,M,Philippines,804-25-8036,£8901.19
Vonnie,Brandolini,F,New Caledonia,748-26-5662,£19076.63
Christiano,Copeman,M,Slovenia,418-72-7050,£47568.23
Neils,Cudbertson,M,Portugal,107-75-0082,£77085.06
Muhammad,Parfrey,M,Colombia,773-96-6440,£42192.96
Hervey,Grindrod,M,Czech Republic,713-99-5330,£74778.50
Emerson,Ost,M,Mexico,431-41-1395,£92983.69
Charmain,Godden,F,China,118-93-0846,£85043.14
Ahmed,Rayworth,M,China,707-70-5154,£37452.05
Jake,Gouldie,M,China,883-69-6679,£80565.82
Annelise,Becaris,F,Kosovo,407-24-4876,£17004.37
Elbert,Ballaam,M,Indonesia,823-24-0229,£60804.88
Demetria,Wanek,F,Russia,242-27-7197,£79870.78
Penrod,Chicchelli,M,France,895-20-9939,£58881.92
Zared,Cremin,M,France,582-01-6371,£83257.37
Zachary,McDugal,M,Indonesia,463-39-6922,£55621.82
Francyne,Leet,F,Russia,368-21-2212,£60542.03
Janeta,Meiner,F,China,406-91-7965,£38123.01
Russ,Lycett,M,Peru,189-60-1522,£36287.10
Allene,Heighway,F,Chile,852-11-5430,£48223.92
Bryanty,Gealy,M,Argentina,755-97-0735,£95920.35
Darcie,Wahncke,F,Indonesia,346-12-1200,£92190.54
Araldo,Desquesnes,M,Mongolia,656-25-8542,£44683.25
Daryl,Spellar,F,China,450-91-0409,£82749.01
Myron,Fetteplace,M,Philippines,435-16-7667,£32227.65
Mirelle,Cuddehy,F,Russia,584-76-0789,£47133.47
Pierre,Burdytt,M,China,610-56-3362,£22114.05
Simmonds,Stiggers,M,China,541-47-9676,£31241.63
Gideon,Illingsworth,M,Sweden,334-29-7470,£62594.24
Lorena,Cuolahan,F,China,752-54-6852,£68441.21
Donnell,Linny,M,Thailand,156-08-6355,£53475.79
Phillis,Leivesley,F,China,843-82-5198,£48779.73
Hymie,Petersen,M,France,414-26-4581,£39423.92
Alister,Goaley,M,France,602-01-5737,£23568.23
Jarrad,Shakesby,M,China,634-96-9148,£31147.21
Cyndy,Vase,F,China,622-15-9906,£97119.50
Kathleen,Bengefield,F,Thailand,606-10-4378,£59467.23
Fawne,Mew,F,Honduras,511-80-8945,£84969.24
Alyda,Gaskarth,F,China,367-79-7565,£48963.57
Kristofor,Semaine,M,Bolivia,408-68-1965,£48694.27
Sandy,Toman,F,Indonesia,302-22-3199,£20243.36
Garik,Mainds,M,Indonesia,737-96-1604,£17968.30
Winnie,Saunton,F,Greece,126-49-9910,£54904.11
Hurley,Meadus,M,China,376-93-4027,£32100.87
Carmelina,Buckell,F,China,318-79-9135,£39928.32
Berry,Leftley,F,United States,663-71-8985,£31272.01
Helaine,Alekseicik,F,Indonesia,525-83-9166,£28932.99
Mommy,Plaistowe,F,Ukraine,284-10-5567,£79395.22
Cally,Spenclay,F,China,714-33-6938,£80860.08
Jacques,Willshee,M,Honduras,764-82-4950,£15163.72
Dion,Manhare,M,South Korea,346-26-3093,£87930.25
Basilius,Bullock,M,Indonesia,247-62-1944,£84374.42
Ricky,Hatzar,F,Indonesia,171-94-2218,£37843.00
Melvyn,Cozby,M,Indonesia,350-59-7945,£71580.17
Glen,Charlet,F,Argentina,288-19-3701,£38163.74
Joseito,Hymas,M,China,540-44-1725,£-4072.87
Ware,Seakes,M,Bulgaria,738-46-1367,£84145.55
Jock,Fripp,M,Italy,899-13-2389,£67658.84
Brittan,Bibey,F,Thailand,632-88-1780,£15558.93
Bernadette,Donizeau,F,Argentina,644-02-0177,£38981.08
Jase,Dowrey,M,Indonesia,755-52-7833,£93394.17
Gilburt,Gardiner,M,Brazil,229-53-9637,£45004.56
Lenore,McCrorie,F,Philippines,481-95-0551,£95705.55
Ashbey,Wortley,M,Philippines,362-52-8352,£19523.57
Dion,Giacovazzo,M,Indonesia,397-16-0293,£95116.45
Hyacinthie,Marte,F,Russia,323-09-1264,£22411.62
Cheryl,Hancell,F,Indonesia,887-72-1547,£1844.20
Pepi,Basley,F,Russia,624-49-3043,£50953.86
Dulciana,Duran,F,Indonesia,504-46-0040,£76674.15
Margareta,Goshawk,F,France,421-64-9265,£26809.74
Randell,Sandle,M,Philippines,573-13-9997,£40382.21
Dyana,Rushbrook,F,Philippines,243-92-5294,£99019.94
Roanna,Danielli,F,Russia,661-66-5073,£92439.64
Charline,Southerns,F,Philippines,310-17-1070,£57760.51
Bruce,Hovee,M,North Korea,189-05-1867,£34965.78
Silvia,Hutton,F,Russia,125-22-7987,£96988.27
Zach,Wooster,M,China,446-63-5596,£33935.94
Carleen,Sprigging,F,China,153-48-3810,£21298.27
Hebert,Castenda,M,Indonesia,438-40-6764,£18702.92
Whitman,Levis,M,China,707-74-8512,£12873.67
Blondy,Tommis,F,Mauritania,897-41-1516,£35188.83
Rollo,Scanderet,M,Peru,660-55-3078,£74629.04
Elmore,Cotton,M,China,879-59-2734,£10910.02
Jean,Boyle,M,Honduras,356-86-3898,£78536.08
Selby,Easterby,M,Palestinian Territory,638-75-5944,£54366.59
Rutter,Kimbury,M,Philippines,425-34-8051,£79109.96
Kimbell,Dockray,M,Philippines,157-28-6898,£68273.59
Sargent,Mindenhall,M,China,183-71-3559,£75569.17
Briggs,Exposito,M,China,366-61-8678,£45871.34
Rosanne,Iacopetti,F,Mexico,180-64-3892,£50606.50
Javier,Fernan,M,China,282-64-4527,£57741.83
Radcliffe,Chesterton,M,Ethiopia,869-66-6599,£1043.24
Mel,Grundwater,F,Indonesia,100-86-7721,£29865.51
Salomone,Grane,M,Philippines,606-40-9887,£71773.27
Lexi,Harfoot,F,United States,506-96-9691,£7707.16
Chick,Welberry,M,China,327-39-6727,£39767.37
Lark,Valett,F,Colombia,854-92-0761,£69165.77
Charita,Crockett,F,Colombia,850-47-1564,£45071.19
Adelle,Bilovus,F,Finland,269-22-0217,£32701.94
Margaux,Nabarro,F,Brazil,594-62-2671,£73974.45
Tami,Tiltman,F,China,577-72-5571,£10815.58
Duky,Bisley,M,Philippines,304-22-9968,£27771.54
Randolph,Girardet,M,Dominican Republic,154-12-6448,£55657.30
Dawna,Jaine,F,China,558-35-7471,£94229.87
Willis,Potzold,M,Philippines,453-31-7710,£49865.33
Brenn,Miebes,F,Portugal,497-32-1342,£94489.09
Trudy,Kinlock,F,Germany,146-05-3951,£26185.64
Cordell,Okill,M,Sweden,183-13-2092,£49859.84
Bevon,Byrne,M,Ivory Coast,790-64-8519,£5131.54
Grethel,Warlaw,F,Vietnam,686-02-4762,£83971.63
Courtney,Corker,M,Venezuela,809-30-2178,£31674.45
Raleigh,Hoofe,M,Philippines,306-66-5187,£95267.83
Lotta,Wheelwright,F,Philippines,241-67-6811,£55683.86
Barton,Loy,M,China,813-34-4304,£2972.50
Rachel,Waddell,F,Brazil,589-28-4001,£67860.95
Hodge,Wasiela,M,Peru,392-98-7277,£70091.17
Vania,Rolfe,F,Iraq,818-40-2340,£17464.87
Emera,Hollingdale,F,Thailand,619-53-9989,£40742.44
Mendel,Allflatt,M,United States,674-05-1375,£68766.58
Ash,Gordon,M,Syria,768-25-8756,£13045.82
Enrique,Kitchingman,M,Vietnam,718-51-0897,£30800.69
Addison,Hemphill,M,China,152-92-7681,£32697.03
Benni,Redbourn,F,Philippines,539-07-3390,£-779.76
Mel,Stronge,M,Thailand,286-78-9551,£66774.10
Catie,Permain,F,China,843-47-0970,£9017.35
Kally,Minshull,F,Brazil,406-18-0801,£1834.39
Vannie,Bridgen,F,Saudi Arabia,550-36-1279,£46440.68
Ruprecht,Cholerton,M,Indonesia,200-08-8232,£23291.19
Isacco,Dover,M,Indonesia,874-02-0626,£20564.99
Fern,O'Mailey,F,Iceland,552-47-6902,£54462.38
Karly,Yezafovich,F,Indonesia,292-73-7158,£90089.77
Torry,Van Velden,M,China,261-79-9978,£69861.51
Shalne,Charlon,F,Portugal,240-08-4236,£48976.02
Erastus,Cleft,M,Iran,310-58-5437,£58162.70
Renard,Pygott,M,Indonesia,453-75-8352,£27075.52
Miguela,Dericot,F,Japan,439-78-2237,£17675.07
Harlin,Boughen,M,Philippines,401-48-5969,£77889.81
Meridith,Cansdell,F,Thailand,618-78-4137,£93983.82
Shea,Largan,M,North Korea,750-92-0677,£76115.28
Amos,Furneaux,M,China,491-73-3357,£52655.16
Elita,Oneal,F,Sweden,444-02-3489,£59626.11
Quintus,Chaperlin,M,Bosnia and Herzegovina,118-61-5897,£70727.01
Dolly,Choudhury,F,Russia,523-81-6617,£68519.24
Seumas,Fetter,M,Thailand,312-13-9243,£86689.56
Blithe,Corter,F,Japan,564-24-3845,£9617.92
Rad,Feather,M,Zambia,857-43-6837,£-3275.63
Romeo,Lipyeat,M,Portugal,525-70-2213,£18256.63
Currey,Magovern,M,China,306-06-0780,£15585.16
Gilburt,Cesconi,M,South Korea,322-89-7404,£87499.54
Berky,Friary,M,Belize,612-99-5435,£81502.50
Sloan,Fillary,M,Indonesia,406-36-7152,£88315.85
Fielding,Cavnor,M,Philippines,401-32-3318,£10762.47
Noble,Moneypenny,M,Honduras,856-81-0657,£56973.70
Matteo,Danilovich,M,Armenia,267-53-8733,£40778.55
Christiano,Shallcross,M,Greece,201-80-9841,£56998.87
Lorene,Feaveer,F,Mongolia,387-38-6294,£27476.52
Guenevere,Simek,F,China,348-56-6705,£97460.86
Marius,Giottoi,M,Russia,747-83-5274,£82901.55
Marcellus,Escalera,M,Brazil,500-90-4907,£54705.05
Doe,Bahde,F,China,825-57-1006,£75026.22
Roman,Lagde,M,Switzerland,658-15-1356,£48776.67
Kareem,Keepence,M,Russia,865-75-0479,£62124.34
Opaline,Olivey,F,China,452-46-3822,£12367.40
Merrielle,Deevey,F,China,764-40-1318,£50994.29
Bill,Ravenhill,M,Indonesia,733-56-0826,£90737.46
Ignacius,Simmon,M,China,876-94-6052,£98224.18
Nerte,Gaul,F,Mauritius,762-96-9943,£31062.15
Lazare,Valens-Smith,M,Albania,393-39-3189,£43810.61
Orlando,Klaff,M,United Kingdom,230-13-8399,£65770.23
Ardeen,Olivelli,F,Greece,701-27-6538,£49252.64
Sydelle,Cullip,F,Indonesia,372-02-7645,£63451.05
Thorstein,Esel,M,France,896-51-2939,£37349.75
Rubi,Nolan,F,Saint Barthelemy,815-07-9872,£90455.75
Lynea,Masic,F,China,301-94-8347,£92360.09
Donalt,Millsom,M,China,777-45-1454,£82269.80
Abagael,MacPherson,F,Czech Republic,184-66-3599,£12590.82
Judas,Nelthorpe,M,China,348-20-6007,£71316.16
Alric,Johansson,M,Syria,724-31-5703,£22776.22
De,Gentiry,F,China,763-61-9006,£41126.18
Barrie,Berr,F,Indonesia,390-37-7831,£56680.35
Marlin,Fellgett,M,Russia,108-07-3377,£43709.67
Retha,Le Count,F,Philippines,456-99-1709,£39771.00
Siana,Codi,F,China,529-62-2807,£1844.14
Claudius,Merrett,M,Brazil,466-79-4388,£-1939.19
Nissy,Limpkin,F,Sweden,795-09-9757,£54320.24
Jere,Briiginshaw,M,China,258-28-2722,£82160.96
Tully,Torresi,M,China,431-31-1905,£96598.94
Whitney,Greatbach,M,China,279-36-4111,£40486.71
Marlena,Stag,F,Indonesia,199-21-9413,£61162.35
Goldi,Ferruzzi,F,Saudi Arabia,811-84-6979,£8960.49
Eva,Blackwell,F,Philippines,637-33-9953,£25598.10
Yovonnda,Trundler,F,Russia,806-11-1015,£58367.70
Nomi,Delion,F,Sweden,663-06-1814,£53690.51
Andrea,Tollady,M,Peru,774-05-7132,£58344.16
Alana,Cianelli,F,Poland,306-18-7042,£99553.04
Spense,Beardwood,M,China,610-10-0974,£5278.33
Monica,Cuppleditch,F,Poland,785-13-6651,£56240.50
